t,cmd,alpha,u,mach,h
0.0,-10.0,0.0,2.4841381935792954,3.517854630947113,10893.078207969666
0.00013151397728702871,-10.0,5.0540822724044017e-5,2.7264092395426203,3.5178507900557463,10893.078207906565
0.0006099038201999817,-10.0,0.0001826182786430924,3.5344069154750155,3.5178368186809297,10893.078206664348
0.0013988669195867203,-10.0,0.00019622808928099937,4.646531821333356,3.5178137773339375,10893.078201513947
0.0023978922846185965,-10.0,-0.00021576848857651458,5.736142073466198,3.5177846018271284,10893.078190351953
0.003674483962705654,-10.0,-0.0015470872515698521,6.739373978145952,3.5177473215661292,10893.078170080762
0.005292799349674423,-10.0,-0.004680699064151304,7.574428162228753,3.5177000648675976,10893.078136944341
0.0074057988011819575,-10.0,-0.011390931399064805,8.202096938763164,3.5176383699304803,10893.078084294788
0.01008041922320494,-10.0,-0.024301311117903405,8.578722573843805,3.5175602933627443,10893.078006020809
0.01347647611125661,-10.0,-0.04782519574853787,8.735730910288217,3.51746119303567,10893.077891041361
0.017758220998772677,-10.0,-0.08852501351897613,8.72719504180496,3.5173363219693896,10893.077722024434
0.023209937869118742,-10.0,-0.1571463865863778,8.602120822249091,3.517177477122648,10893.077463175887
0.03024312095972775,-10.0,-0.27111684698572064,8.378210264468372,3.516972829002213,10893.077038745154
0.0395587850541604,-10.0,-0.461021953834903,8.034512788919246,3.5167022422436984,10893.076264949328
0.0523464102026891,-10.0,-0.7821185366504689,7.512784711743262,3.516331426970728,10893.07464120411
0.0701253378116329,-10.0,-1.317071265062196,6.754907282563847,3.515815466588777,10893.070761163557
0.0861750204515022,-10.0,-1.8608337275047648,6.139621856940675,3.5153463079743124,10893.064890553698
0.10067793939112404,-10.0,-2.382576125961966,5.665978126347779,3.5149163089647977,10893.056940648894
0.11381575164452985,-10.0,-2.8681956240745206,5.261903769920376,3.514519009771753,10893.046995211771
0.12549726406790432,-10.0,-3.303063508583258,4.791027918452383,3.514157516016005,10893.035524142077
0.1368600475679827,-10.0,-3.7240301814447676,4.373572896061751,3.5137966250230894,10893.021621863221
0.14882270173076256,-10.0,-4.160874560715252,4.035957261693596,3.5134050421369376,10893.003673076852
0.16119307695993984,-10.0,-4.601905878099579,3.754756782912888,3.512985842808773,10892.981109960729
0.17370441611885018,-10.0,-5.033777623407815,3.607561241594053,3.512545569326119,10892.95369772063
0.1857482731851882,-10.0,-5.434048016732458,3.3944455981524917,3.5121050340777824,10892.922527513667
0.19796735155232378,-10.0,-5.8228363573515445,3.226216082678198,3.511640087197928,10892.88569712471
0.21029440744199832,-10.0,-6.195931538197933,3.115384670999052,3.5111518905341326,10892.842818860745
0.2226761971025725,-10.0,-6.550508010578363,3.0149764038053695,3.5106416864877024,10892.793565400607
0.2351455022498043,-10.0,-6.8865714159136235,2.9443502134196993,3.5101074169728634,10892.737309493092
0.24752048181661854,-10.0,-7.1988934596290335,2.892479090176657,3.5095568941441075,10892.674507547084
0.2598051533325177,-10.0,-7.488023245923539,2.855575626979825,3.5089906240344697,10892.604951958143
0.2720463803330006,-10.0,-7.755630232396831,2.83273104893946,3.508407203111844,10892.528178034834
0.28430525290710446,-10.0,-8.003579001043297,2.823183112893865,3.507804426331429,10892.443531491987
0.29676380765183746,-10.0,-8.23568652550206,2.8306848770955533,3.507173560800321,10892.349266203619
0.30915592316832774,-10.0,-8.447376826764234,2.843826285679521,3.5065286985512274,10892.247000882951
0.32146399165142886,-10.0,-8.639502094529584,2.8600128658995474,3.505872048720346,10892.136796578508
0.3337223564027158,-10.0,-8.813762382396938,2.879065663109981,3.505203065336332,10892.018270915054
0.34597063213047946,-10.0,-8.971759191656838,2.90111821536865,3.5045207512327274,10891.890910154505
0.3582345439759997,-10.0,-9.114757145991808,2.925802170136807,3.503824738801555,10891.754263920637
0.3705226653705823,-10.0,-9.243743658631344,2.9523069108455715,3.503115559698148,10891.608031790238
0.3828315980358778,-10.0,-9.359571201395102,2.979684754896877,3.50239441667862,10891.452058058818
0.39515338446843673,-10.0,-9.463069480449539,3.0070918271473555,3.5016627792509203,10891.286274513546
0.4074811989959352,-10.0,-9.555093788824392,3.0339020823277036,3.5009220412726387,10891.11063485912
0.419811841826637,-10.0,-9.636522112893193,3.059715891060344,3.500173350644469,10890.925071482834
0.4321455489101891,-10.0,-9.708229393466214,3.084308586840037,3.4994176003082638,10890.729483410882
0.444484478886307,-10.0,-9.771061694810163,3.1075647386083216,3.4986555078751675,10890.523747346182
0.45683115596668095,-10.0,-9.825820574392544,3.1294282196973056,3.4978877066564915,10890.30773667291
0.46918752321834795,-10.0,-9.87325768849399,3.149875698542547,3.4971148045095393,10890.081336670384
0.481554698104706,-10.0,-9.91407549977836,3.1689074090842606,3.4963374012474415,10889.844450762806
0.4939331897706745,-10.0,-9.948929976981672,3.1865456096508735,3.495556077470069,10889.596998678657
0.5063232549655908,-10.0,-9.978432953691984,3.2028338099728626,3.4947713743960533,10889.338910672079
0.5187251741639524,-10.0,-10.003153596888465,3.2178341045070535,3.4939837785905774,10889.070121784911
0.5311393619503153,-10.0,-10.023619331685499,3.2316226598345628,3.493193717341485,10888.79056856522
0.5435663445254829,-10.0,-10.040316765692776,3.244284641012066,3.49240156278104,10888.50018842934
0.5560066629093972,-10.0,-10.05369291121029,3.2559095778616842,3.491607641024064,10888.198921010775
0.5684607789363998,-10.0,-10.064156785984004,3.2665878684988128,3.4908122413003007,10887.88670997481
0.5809290096383071,-10.0,-10.072081280363939,3.276408366131091,3.49001562331918,10887.563504609845
0.5934115050861883,-10.0,-10.077805166656077,3.285456884533367,3.489218021810575,10887.229260616006
0.6059082484572206,-10.0,-10.081635139877136,3.2938152328380674,3.4884196495448196,10886.88394042513
0.6184190785003134,-10.0,-10.083847841857486,3.3015606612204413,3.487620698796305,10886.527512911203
0.6309437088256578,-10.0,-10.08469183805625,3.3087654645133053,3.486821342874163,10886.159953115315
0.6434817464987,-10.0,-10.084389545233208,3.315496740514164,3.48602173755479,10885.78124192522
0.6560327091037143,-10.0,-10.083139105685538,3.3218162743587882,3.485222022464696,10885.391365737278
0.6685960419305068,-10.0,-10.081116203618699,3.3277805383715875,3.4844223223052753,10884.990316054049
0.6811711344448516,-10.0,-10.078475819010624,3.333440781527814,3.4836227479721087,10884.578089042474
0.693757345206548,-10.0,-10.07535391247904,3.338843246001394,3.482823396987499,10884.154684742656
0.7063540193998147,-10.0,-10.071869040265055,3.3440293973257447,3.4820243542571117,10883.720106427687
0.7189605056082782,-10.0,-10.068123896231887,3.3490361994134346,3.481225692730319,10883.274359919827
0.7315761726536684,-10.0,-10.064206777787824,3.3538964278639893,3.4804274739162393,10882.81745283597
0.7442004239757629,-10.0,-10.060192974195937,3.3586389969647628,3.479629748419897,10882.349393855111
0.7568327003246854,-10.0,-10.056146078562232,3.3632892388595867,3.478832557085021,10881.870192375249
0.7694724883074733,-10.0,-10.052119216636727,3.367869229303308,3.4780359316381038,10881.379857940598
0.7821202466551351,-10.0,-10.048155914093162,3.3724034208350475,3.477239837475129,10880.87836285534
0.7947758344641569,-10.0,-10.044291669935626,3.376909866760283,3.4764442737375516,10880.365702304987
0.8074378729172875,-10.0,-10.040555104970686,3.3813967969476413,3.4756493139365765,10879.841923562082
0.8201052942819442,-10.0,-10.036968365408615,3.385871775103028,3.4748550090984103,10879.307065189168
0.8327775609786768,-10.0,-10.033547897046873,3.390343223220473,3.4740613748082905,10878.761146144465
0.8454545387996008,-10.0,-10.030305258916695,3.394819960093487,3.4732683998882385,10878.20416911376
0.8581362824281829,-10.0,-10.027247882059612,3.3993102016089463,3.4724760604080513,10877.636128467844
0.8708228575351948,-10.0,-10.024379735476627,3.403820734214189,3.4716843312441608,10877.0570176427
0.8835142508262449,-10.0,-10.021701894096637,3.408356569744039,3.4708931920173574,10876.466833309953
0.8962103699224033,-10.0,-10.019213021758318,3.4129211056901787,3.4701026273471087,10875.8655757195
0.9089110777444896,-10.0,-10.016909792960998,3.4175164748420137,3.4693126249138078,10875.25324736707
0.9216162387484055,-10.0,-10.014787265147344,3.422143955402882,3.4685231727572425,10874.629850901063
0.9343257450339255,-10.0,-10.012839211292517,3.4268042523513986,3.4677342578047767,10873.9953878076
0.9470395248080907,-10.0,-10.011058414218287,3.431497662752797,3.4669458654700223,10873.349857866888
0.9597575348519558,-10.0,-10.009436924385719,3.4362241330230088,3.466157980216062,10872.69325940024
0.9724797496022043,-10.0,-10.007966282028798,3.440983283342451,3.4653705863001094,10872.02558973575
0.9852061510573128,-10.0,-10.006637706498829,3.4457744254409914,3.4645836684418616,10871.34684568623
0.9979367228838797,-10.0,-10.005442255985225,3.4505965955627556,3.4637972122109124,10870.65702384981
1.0106714462005821,-10.0,-10.004370961249228,3.455448588645563,3.463011204293614,10869.956120847824
1.0234103029507036,-10.0,-10.003414935984628,3.460329031029938,3.462225632278262,10869.244133156915
1.0361532792801305,-10.0,-10.00256546731766,3.465236446591806,3.4614404844308355,10868.521056923433
1.048900363009417,-10.0,-10.001814089072036,3.470169280505861,3.4606557498270196,10867.786888103019
1.0616515453254913,-10.0,-10.00115263922239,3.4751259432059776,3.4598714182173667,10867.04162236437
1.0744068190959777,-10.0,-10.000573304019577,3.480104828542453,3.459087480095446,10866.285255185676
1.0871661780260844,-10.0,-10.00006865031142,3.485104332535493,3.458303926709986,10865.51778190821
1.099929617505255,-10.0,-9.999631647722046,3.4901228785327727,3.457520749970477,10864.739197689929
1.1126971329176767,-10.0,-9.999255682314974,3.495158923138819,3.456737942506814,10863.949497612217
1.1254687171039883,-10.0,-9.99893456294953,3.5002109537105115,3.4559554977795814,10863.14867684829
1.1382443654362624,-10.0,-9.998662521388528,3.505277530218788,3.4551734097234803,10862.336730356961
1.1510240715880602,-10.0,-9.998434207573606,3.5103572671416043,3.4543916729616604,10861.513653153195
1.1638078292260985,-10.0,-9.998244680650506,3.5154488499126235,3.4536102826578317,10860.679440210803
1.1765956303159177,-10.0,-9.998089396743808,3.5205510285713753,3.4528292345768485,10859.834086581268
1.1893874668146298,-10.0,-9.997964194110814,3.5256626309022416,3.4520485249396686,10858.977587292502
1.2021833298232294,-10.0,-9.997865276357183,3.530782558468682,3.451268150435428,10858.109937411815
1.2149832095855466,-10.0,-9.99778919421447,3.535909786812315,3.4504881081836105,10857.231132054285
1.2277870946389722,-10.0,-9.99773282635074,3.5410433594288953,3.449708395749893,10856.34116645001
1.2405949760548525,-10.0,-9.997693359620769,3.5461824126491344,3.4489290108541963,10855.440035655038
1.2534068398028375,-10.0,-9.997668269052825,3.551326126030075,3.4481499518040324,10854.52773509098
1.2662226726877561,-10.0,-9.997655297898056,3.5564737566703966,3.4473712171033846,10853.604260139467
1.2790424606521411,-10.0,-9.997652437938306,3.5616246256615893,3.4465928055287534,10852.669606265816
1.2918661887752279,-10.0,-9.997657910250819,3.5667781148108983,3.445814716103906,10851.72376902521
1.304693842121766,-10.0,-9.997670146583918,3.5719336684429366,3.445036948025117,10850.766744004844
1.317525404892011,-10.0,-9.9976877714433,3.577090784521103,3.4442595006914827,10849.798526890381
1.3303608587201152,-10.0,-9.997709584978503,3.582249000391599,3.4434823737884144,10848.819113601849
1.3432001860734033,-10.0,-9.997734546780515,3.5874079102525234,3.4427055670638924,10847.828500042275
1.3560433685518183,-10.0,-9.99776176055721,3.592567150936172,3.4419290804155462,10846.826682228768
1.3688903877380583,-10.0,-9.99779045976546,3.5977264036063863,3.441152913824782,10845.813656229877
1.3817412251976557,-10.0,-9.997819994183484,3.60288539028147,3.4403770673439076,10844.789418166576
1.3945958599243151,-10.0,-9.997849817404592,3.6080438545947606,3.439601541238726,10843.75396441997
1.407454272596147,-10.0,-9.997879475315333,3.613201585020174,3.4388263357211906,10842.707291294591
1.4203164413173708,-10.0,-9.997908595408855,3.618358385349797,3.4380514511971962,10841.649395363835
1.43318234332009,-10.0,-9.997936877022939,3.623514082363419,3.437276888155602,10840.580273339168
1.446051957521126,-10.0,-9.997964082424808,3.6286685389536064,3.4365026470072393,10839.499921858463
1.4589252636712744,-10.0,-9.99799002866873,3.6338216462632937,3.4357287281302873,10838.408337551607
1.4718022389441727,-10.0,-9.99801458019335,3.63897330012121,3.4349551320700424,10837.305517330753
1.4846828604933828,-10.0,-9.998037642182958,3.644123414686671,3.4341818593803186,10836.191458179143
1.4975671045989831,-10.0,-9.99805915457262,3.6492719150958477,3.43340891067073,10835.066157226187
1.5104549483742742,-10.0,-9.998079086699256,3.654418746140885,3.432636286500896,10833.929611599984
1.523346368058849,-10.0,-9.99809743250832,3.6595638599468234,3.431863987480081,10832.781818576495
1.53624134072625,-10.0,-9.99811420632414,3.664707224964863,3.4310920141624908,10831.622775429028
1.5491398442850304,-10.0,-9.998129439102305,3.669848824519054,3.4303203670454905,10830.452479424563
1.562041853206308,-10.0,-9.998143175106556,3.674988629037307,3.4295490468236394,10829.270928213224
1.5749473445047006,-10.0,-9.998155469073213,3.6801266319119947,3.4287780540295203,10828.07811928745
1.5878562926102808,-10.0,-9.99816638367396,3.685262816682094,3.4280073893394465,10826.874050451606
1.6007686727875072,-10.0,-9.99817598737997,3.690397177250783,3.4272370533683136,10825.658719509602
1.6136844619918793,-10.0,-9.998184352615105,3.695529722330807,3.4264670466182405,10824.43212417952
1.626603635448554,-10.0,-9.998191554157753,3.700660453522021,3.4256973696824313,10823.194262415633
1.6395261700748909,-10.0,-9.99819766783535,3.7057893858235884,3.424928023040949,10821.945132083318
1.6524520410572825,-10.0,-9.998202769394346,3.710916525870443,3.4241590072646795,10820.68473128704
1.6653812227060185,-10.0,-9.998206933593462,3.7160418767250234,3.4233903229642504,10819.413058293112
1.678313689311264,-10.0,-9.998210233468562,3.721165442728623,3.422621970739183,10818.130111448025
1.6912494168570433,-10.0,-9.998212739753333,3.7262872397181135,3.421853951076388,10816.835889006206
1.7041883795945862,-10.0,-9.998214520400028,3.731407273512632,3.421086264554085,10815.530389469935
1.7171305551848048,-10.0,-9.998215640266965,3.736525571422232,3.4203189115369383,10814.21361107119
1.7300759186989643,-10.0,-9.998216160836563,3.7416421449351387,3.419551892532524,10812.885552375123
1.7430244460473245,-10.0,-9.998216140074957,3.746757010723242,3.4187852079882184,10811.546211934834
1.7559761088323351,-10.0,-9.998215632311632,3.751870158691367,3.4180188585962585,10810.19558882663
1.7689308837845095,-10.0,-9.998214688265355,3.756981610131288,3.4172528447354282,10808.833681672195
1.781888745900528,-10.0,-9.998213355023173,3.762091375236036,3.4164871668779013,10807.460489346906
1.794849670158892,-10.0,-9.998211676111277,3.7671994636279327,3.4157218254880033,10806.076010803095
1.8078136332376105,-10.0,-9.998209691598477,3.7723058948929715,3.4149568209212555,10804.680244884403
1.8207806083621196,-10.0,-9.998207438185927,3.777410666752839,3.4141921537288713,10803.273190879754
1.833750571316416,-10.0,-9.998204949381508,3.7825137921347523,3.413427824303247,10801.854847878001
1.8467234961487649,-10.0,-9.998202255629291,3.7876152726648216,3.412663833131682,10800.425215232102
1.8596993577489458,-10.0,-9.998199384488977,3.7927151145647455,3.411900180644717,10798.984292279118
1.8726781327089177,-10.0,-9.998196360811791,3.7978133339694176,3.4111368671660043,10797.53207823994
1.8856597941648885,-10.0,-9.998193206885272,3.80290992512493,3.4103738932160463,10796.068572795723
1.8986443178152728,-10.0,-9.998189942642492,3.8080048975279515,3.409611259158387,10794.593775416368
1.91163167848187,-10.0,-9.998186585815489,3.81309825474576,3.408848965402188,10793.107685744602
1.9246218509697532,-10.0,-9.998183152109746,3.818189999736292,3.4080870123518685,10791.610303500163
1.937614810928089,-10.0,-9.998179655373667,3.8232801401986003,3.4073254003568754,10790.101628379512
1.950610532268445,-10.0,-9.998176107742342,3.828368672681295,3.406564129863264,10788.581660355285
1.9636089897465916,-10.0,-9.998172519803692,3.833455598533094,3.405803201262436,10787.050399378359
1.97661015810216,-10.0,-9.99816890073739,3.838540918634673,3.405042614941802,10785.507845476703
1.9896140146429573,-10.0,-9.998165258465308,3.8436246493514745,3.4042823711338714,10783.953998445526
2.0026205314931382,-10.0,-9.998161599735,3.848706774804788,3.403522470369731,10782.388858772503
2.015629684206531,-10.0,-9.99815793028767,3.853787299975817,3.4027629129753483,10780.812426612236
2.0286414474600227,-10.0,-9.99815425494439,3.8588662241962783,3.402003699323601,10779.22470229908
2.041655795915093,-10.0,-9.99815057771342,3.8639435464939598,3.4012448297839883,10777.625686244608
2.054672705080208,-10.0,-9.998146901889426,3.8690192709249547,3.400486304672483,10776.015378830605
2.0676921487244013,-10.0,-9.99814323012532,3.874093390672182,3.399728124402379,10774.393780728715
2.0807141023263958,-10.0,-9.998139564530874,3.8791659093114386,3.398970289283343,10772.760892473794
2.093738539625113,-10.0,-9.998135906724983,3.8842368195938377,3.398212799722403,10771.116714893604
2.10676543693302,-10.0,-9.998132257925278,3.8893061300270926,3.3974556559730225,10769.461248566156
2.1197947688229086,-10.0,-9.998128618982335,3.8943738383276534,3.3966988583861384,10767.79449436244
2.1328265089899747,-10.0,-9.998124990437292,3.8994399367578167,3.3959424073598563,10766.116453342367
2.1458606319780906,-10.0,-9.998121372578826,3.904504422765586,3.3951863032392064,10764.427126533978
2.158897112317054,-10.0,-9.99811776548024,3.909567293691547,3.3944305463663564,10762.726515042772
2.171935925386418,-10.0,-9.998114169041592,3.914628552092182,3.3936751370306077,10761.014619937967
2.1849770456885844,-10.0,-9.998110583012691,3.91968819512511,3.3929200755685613,10759.291442477821
2.1980204477123233,-10.0,-9.9981070070268,3.9247462198774405,3.3921653623140315,10757.556983998122
2.2110661076611824,-10.0,-9.998103440635626,3.9298026340078382,3.391410997498138,10755.811245680205
2.224113999133432,-10.0,-9.998099883306518,3.9348574291675824,3.390656981499268,10754.054229127287
2.237164095713716,-10.0,-9.998096334456012,3.939910596960185,3.38990331469297,10752.285936023145
2.2502163718377743,-10.0,-9.998092793470857,3.944962134264921,3.3891499974020727,10750.506368013903
2.26327080279317,-10.0,-9.998089259721684,3.9500120432510686,3.3883970298968213,10748.715526704336
2.2763273638551555,-10.0,-9.998085732569578,3.9550603260612376,3.3876444124448586,10746.913413773911
2.2893860294218316,-10.0,-9.998082211370702,3.9601069794895287,3.3868921453610548,10745.100031097285
2.3024467738788594,-10.0,-9.998078695489097,3.9651520003086693,3.3861402289575926,10743.27538062681
2.315509571599612,-10.0,-9.998075184303044,3.9701953852766345,3.385388663543975,10741.439464392553
2.328574396945324,-10.0,-9.998071677210122,3.975237131125719,3.3846374494270313,10739.592284502312
2.3416412251307563,-10.0,-9.99806817363607,3.980277239908473,3.3838865868611925,10737.733843018174
2.354710029627938,-10.0,-9.998064673022872,3.9853157030066586,3.3831360761977436,10735.864142325434
2.3677807856283657,-10.0,-9.998061174850621,3.9903525224424423,3.3823859176858457,10733.983184640229
2.380853467446484,-10.0,-9.99805767862403,3.9953876949008267,3.381636111621771,10732.090972379221
2.3939280502513722,-10.0,-9.998054183883077,4.000421222380442,3.38088665824951,10730.187507910436
2.407004507468956,-10.0,-9.998050690188379,4.005453096209601,3.380137557909742,10728.272793931132
2.420082815978766,-10.0,-9.99804719715071,4.010483329026691,3.3793888107420536,10726.346832707626
2.4331629483185604,-10.0,-9.99804370438589,4.015511906799658,3.378640417131536,10724.409627218587
2.4462448778810937,-10.0,-9.998040211543666,4.020538820814266,3.377892377410913,10722.461180397031
2.459328579781373,-10.0,-9.998036718311656,4.025564072997202,3.377144691811155,10720.501494996464
2.472414029991003,-10.0,-9.998033224409198,4.030587670602813,3.376397360511228,10718.530573714397
2.4855012027382513,-10.0,-9.998029729571144,4.035609610195073,3.3756503837866383,10716.548419583603
2.4985900722411976,-10.0,-9.998026233556356,4.040629888320758,3.374903761910295,10714.55503571475
2.5116806118408253,-10.0,-9.998022736141301,4.0456484961660015,3.374157495201941,10712.55042542953
2.5247727974694216,-10.0,-9.998019237138424,4.05066544090503,3.3734115838304315,10710.53459172885
2.537866603315636,-10.0,-9.998015736369839,4.05568071901476,3.372666028061,10708.507537954856
2.550962004425914,-10.0,-9.99801223368077,4.060694332287344,3.3719208281069566,10706.469267392233
2.5640589749701,-10.0,-9.998008728928179,4.065706277145356,3.3711759842284796,10704.419783536738
2.5771574882411734,-10.0,-9.99800522197937,4.0707165446430205,3.370431496732498,10702.359090098897
2.5902575183903696,-10.0,-9.998001712720608,4.07572513114038,3.369687365874011,10700.28719073251
2.6033590404277303,-10.0,-9.997998201055855,4.0807320383052055,3.368943591856219,10698.204089030958
2.6164620302226433,-10.0,-9.997994686905573,4.0857372731216435,3.368200174830656,10696.109788523509
2.6295664610324896,-10.0,-9.997991170185674,4.090740826505622,3.367457115094169,10694.004293230908
2.6426723069739064,-10.0,-9.997987650826367,4.095742694676725,3.3667144128918007,10691.887607114211
2.6557795438914633,-10.0,-9.997984128776162,4.100742884507779,3.365972068367761,10689.759733929786
2.6688881458855738,-10.0,-9.99798060398102,4.105741392138549,3.3652300817622414,10687.620677790102
2.6819980870485804,-10.0,-9.997977076393466,4.110738213671346,3.3644884533129455,10685.47044288554
2.695109343201731,-10.0,-9.997973545981786,4.115733355856745,3.363747183156911,10683.309033197347
2.708221887553531,-10.0,-9.997970012704386,4.120726809353414,3.363006271576111,10681.136453211568
2.721335694173195,-10.0,-9.997966476529076,4.125718570118894,3.3622657188009115,10678.952707350089
2.7344507388597905,-10.0,-9.997962937437482,4.13070864476873,3.3615255249611833,10676.75779982121
2.7475669947993455,-10.0,-9.99795939539956,4.135697023810197,3.360785690331545,10674.551735344665
2.7606844351704933,-10.0,-9.997955850388086,4.140683697692699,3.360046215184082,10672.33451872101
2.773803035751298,-10.0,-9.997952302393196,4.145668672876014,3.359307099641506,10670.106154387746
2.7869227723134227,-10.0,-9.99794875140705,4.150651955767134,3.3585683438243112,10667.866646854352
2.800043619753231,-10.0,-9.997945197418476,4.1556335473663975,3.3578299478996896,10665.616000851718
2.813165552091639,-10.0,-9.997941640412677,4.160613443258495,3.357091912081413,10663.354221335801
2.8262885433431553,-10.0,-9.99793808037595,4.165591638963606,3.3563542365808674,10661.081313340394
2.8394125675160335,-10.0,-9.997934517295462,4.17056812994554,3.3556169216070617,10658.797281977106
2.852537599481733,-10.0,-9.997930951164042,4.175542916959768,3.354879967317831,10656.502132282978
2.86566361410596,-10.0,-9.997927381975007,4.180516000699577,3.3541433738687534,10654.19586936991
2.8787905853793836,-10.0,-9.997923809717019,4.185487376433845,3.353407141461916,10651.8784985785
2.8919184890260046,-10.0,-9.997920234388959,4.190457050089695,3.3526712701996018,10649.550025017945
2.9050472981560453,-10.0,-9.99791665597479,4.195425011432182,3.351935760328094,10647.21045433528
2.918176989352624,-10.0,-9.997913074478516,4.200391271622853,3.351200611896514,10644.859791634002
2.9313075357155385,-10.0,-9.997909489884053,4.205355820285189,3.3504658251466233,10642.498042713685
2.9444389120788004,-10.0,-9.9979059021852,4.210318657703124,3.3497314002205094,10640.125213139489
2.9575710932716914,-10.0,-9.997902311375581,4.215279784090042,3.348997337258071,10637.741308551333
2.9707040523792805,-10.0,-9.997898717438584,4.220239188838529,3.3482636364942104,10635.346334981843
2.9838377668312095,-10.0,-9.997895120382406,4.2251968881233575,3.3475302979186305,10632.940297745627
2.996972209703718,-10.0,-9.997891520189917,4.230152871186172,3.3467973217618856,10630.523203025476
2.99956860257645,-10.0,-9.99788452957791,4.225102833273576,3.3466524879639015,10630.04410312014
3.000667509118182,20.0,-9.997843231328924,0.9114691934553866,3.3465908386441816,10629.841198601622
3.001303552307693,20.0,-9.997549572705895,-3.0521768089113985,3.346553524777038,10629.723722117582
3.003293558603316,20.0,-9.993869037370956,-11.83961325101011,3.346429605433012,10629.355983318455
3.0048742930238177,20.0,-9.986862016133696,-16.11489564321796,3.3463258916996037,10629.063659034226
3.0069851949042694,20.0,-9.97059432805599,-19.571757186139635,3.346183212556938,10628.672975759075
3.0095122499828446,20.0,-9.939682496441725,-21.74337766305487,3.346009206222236,10628.204781133974
3.0127710380711714,20.0,-9.88064952535947,-22.955915209271694,3.345783321037818,10627.600212275322
3.016760440577625,20.0,-9.779129302773734,-23.402086672164653,3.3455082010215866,10626.85885909896
3.0218144428600193,20.0,-9.606218700368146,-23.411799829728498,3.345165710519018,10625.917718042658
3.0281966023872973,20.0,-9.32227854662403,-23.208622887682203,3.344747101824204,10624.726180514572
3.0365125049911716,20.0,-8.853907999580267,-22.907634280329543,3.3442305644534778,10623.168615319153
3.047570097110512,20.0,-8.08331969704136,-22.527874722016627,3.3436025060512695,10621.089167570964
3.0619885022628304,20.0,-6.874987757992584,-21.94846021186003,3.3428926459827517,10618.364423467381
3.0764569780666564,20.0,-5.489586616634586,-21.167501102769425,3.3423024440986464,10615.61674758622
3.091728251548697,20.0,-3.8999249914447645,-19.914163788842675,3.341796452607806,10612.704111086665
3.1079221506688057,20.0,-2.1316036161918657,-18.218747030149764,3.341361300584624,10609.604065073452
3.123384860718862,20.0,-0.4100297115199284,-15.733507137575138,3.341009550008364,10606.635471107173
3.136578324256474,20.0,1.0577318523889687,-13.822662996652552,3.3407346404797846,10604.097662338467
3.148566479288691,20.0,2.3737631384710025,-12.722929935744572,3.3404879376005816,10601.789008749782
3.160944359095903,20.0,3.701218525364605,-11.959855641265158,3.340220388863157,10599.403798704867
3.1739454045256754,20.0,5.051769987315469,-11.20824698939676,3.33990816052005,10596.898186699505
3.186701384506484,20.0,6.325339332917984,-10.82749679435989,3.3395524443563374,10594.440886687034
3.199854043139431,20.0,7.577125775292715,-10.671919237540788,3.339117373242028,10591.909822389322
3.213270898632539,20.0,8.784447374882273,-10.932482501565895,3.3385868336243774,10589.332301498349
3.2265940367400794,20.0,9.912409950169769,-11.162411154006598,3.337960125726421,10586.778751018723
3.2396415700899275,20.0,10.946534359844742,-11.596193155646734,3.337238464664038,10584.285293260931
3.2528030089605666,20.0,11.917744435262339,-12.12638956314842,3.336395391342131,10581.778810412921
3.2659351147687783,20.0,12.815173879706206,-12.731913629841902,3.335434405342073,10579.288039971758
3.279029743016384,20.0,13.640106564814122,-13.384405051094438,3.3343550385532463,10576.815740852548
3.2921048924490943,20.0,14.396241108400256,-14.111416146005956,3.333156977163322,10574.359640080247
3.3054399836587445,20.0,15.100657444253292,-14.777145963148968,3.331813706441847,10571.86874733643
3.318649915236734,20.0,15.735055024604403,-15.437761108792134,3.3303657456075477,10569.416267873296
3.3317569543278855,20.0,16.305320352630112,-16.081541434380394,3.328818810870261,10566.998634431135
3.3448174406543045,20.0,16.81823753717611,-16.698035750614814,3.3271741772163934,10564.606039670409
3.357883805657298,20.0,17.27954440320546,-17.280136412550547,3.3254324281085523,10562.229568745008
3.3709856504291777,20.0,17.693522068566885,-17.824031614060384,3.3235963285635863,10559.864611216184
3.384129796743529,20.0,18.063456561379827,-18.32806109944192,3.321671579905488,10557.51071817377
3.3973093714646874,20.0,18.39223138158475,-18.79185400442672,3.319666025114695,10555.169842918342
3.4105138925476406,20.0,18.682708271853304,-19.215892629873174,3.317588263966003,10552.84447357511
3.4237358824781547,20.0,18.937845797428306,-19.601272318270226,3.315446485385193,10550.536456379576
3.4369729872338337,20.0,19.160648835860815,-19.949537972209573,3.313247899331867,10548.246655188697
3.4502269087068425,20.0,19.354065233370385,-20.26256654087552,3.31099872122474,10545.975177065626
3.4635011566350236,20.0,19.520903366132835,-20.542476281510147,3.3087044405863884,10543.72178892665
3.476799141291877,20.0,19.663786294466103,-20.803900157540415,3.306370097499911,10541.486256079152
3.4901079843892395,20.0,19.785164968208626,-21.02133413358394,3.3040035238270655,10539.27102552264
3.503050502863285,20.0,19.884860006217657,-21.21767597395283,3.3016771942277936,10537.1381529976
3.516175498260783,20.0,19.969471217962408,-21.388133730481155,3.2992972298065357,10534.996869491231
3.5295232192435178,20.0,20.040406012223166,-21.536192842765438,3.296859233527892,10532.841723474967
3.543024095720793,20.0,20.098492785041174,-21.66471582197715,3.294378758294845,10530.684986395892
3.556589694308798,20.0,20.144747424565658,-21.77614119215844,3.291874960480584,10528.541409462414
3.57015974456155,20.0,20.180460841288173,-21.87273297386959,3.28936176320712,10526.42073865486
3.5837148382873782,20.0,20.207035708903565,-21.956436242747138,3.2868452825454058,10524.326004411056
3.597265205738053,20.0,20.22581166575203,-22.028830540860216,3.28432579584712,10522.255584077979
3.6108322372959765,20.0,20.237978269944247,-22.09126252110834,3.2818011719176696,10520.206237258426
3.6244343783265314,20.0,20.244566904280045,-22.144978711605184,3.279269540368607,10518.175298800961
3.6380810754170922,20.0,20.246477918278735,-22.191173731381618,3.276730464927075,10516.16154316676
3.651773233263357,20.0,20.244509521956676,-22.230982357228093,3.274184889479417,10514.165041348862
3.665506793632439,20.0,20.239375415936408,-22.26545645419771,3.2716344911852513,10512.186574986543
3.679276490543794,20.0,20.23171214441159,-22.29554608625676,3.2690809977280693,10510.227062796861
3.6930781786456985,20.0,20.22208191005142,-22.322091022927726,3.2665257718651755,10508.2872256655
3.7069094863398204,20.0,20.210975428054592,-22.345823034993572,3.2639697093540216,10506.367507247578
3.7207693632257786,20.0,20.198816476582053,-22.36737563899757,3.2614133420124194,10504.468151932202
3.7346572729223517,20.0,20.18596773503546,-22.387296461797337,3.2588570045186396,10502.589325613277
3.748572562005183,20.0,20.172736895187008,-22.40605845766184,3.256300966033846,10500.731204503087
3.762514188163326,20.0,20.159382356378593,-22.42406854871796,3.253745493296037,10498.894010195221
3.77648077502035,20.0,20.146118297501417,-22.44167382304337,3.2511908520779467,10497.077999604895
3.7904728481336334,20.0,20.133117395230734,-22.45915242264188,3.248636909884598,10495.283177540708
3.804489683976909,20.0,20.120518478052283,-22.47674119473228,3.2460837225667083,10493.509709566473
3.81852773230037,20.0,20.10843197542614,-22.49465242359418,3.2435318270000337,10491.75810677603
3.832584299980578,20.0,20.09694025578547,-22.513053807868562,3.240981576054092,10490.028751292317
3.846658050701301,20.0,20.08610100087908,-22.532069748489608,3.2384330565373123,10488.321843765749
3.8607486765846857,20.0,20.07595110415886,-22.551788011815404,3.2358861565853245,10486.637454302438
3.874856350340774,20.0,20.06651035893722,-22.572267665056977,3.2333406708912786,10484.975595555803
3.8889812836595206,20.0,20.05778461761286,-22.5935459489732,3.2307963848601657,10483.336277807965
3.9031235154737893,20.0,20.049768385426894,-22.61564316489102,3.2282531159216172,10481.719533333027
3.9172829026633402,20.0,20.042446963139685,-22.63856577252746,3.2257107175639974,10480.125415919429
3.9314592169389133,20.0,20.03579827810906,-22.662308404457168,3.223169063832838,10478.553988606243
3.9456522507922203,20.0,20.02979450062626,-22.686855505958217,3.220628031918338,10477.005311437093
3.9598618845002105,20.0,20.024403482543825,-22.712182959447844,3.2180874914598196,10475.479434455248
3.9740880997470245,20.0,20.019590025859117,-22.738259815682618,3.2155473031121273,10473.976396980346
3.9883309621560734,20.0,20.015316975406233,-22.76504999697728,3.213007322358174,10472.49623022361
4.002590588592183,20.0,20.011546141009216,-22.79251388225316,3.210467405745085,10471.038961260138
4.016867119952924,20.0,20.008239059242275,-22.82060965016443,3.207927415885905,10469.60461611264
4.031160704225351,20.0,20.00535761329362,-22.849294367788968,3.205387224430068,10468.193221547635
4.045471493675536,20.0,20.002864529164572,-22.878524818452536,3.2028467123675055,10466.804805337822
4.059799642971524,20.0,20.000723767792195,-22.90825817875988,3.200305770054551,10465.43939640878
4.074145319661134,20.0,19.99890082516102,-22.938452483819415,3.1977642949659293,10464.097023823058
4.0885087004286245,20.0,19.997362957126366,-22.96906707879779,3.195222191909667,10462.7777171692
4.10288996732902,20.0,19.996079336545197,-23.00006297299304,3.192679373196759,10461.481506917073
4.117289309728392,20.0,19.99502115246816,-23.031403070656733,3.190135757770429,10460.208424238072
4.131706921476744,20.0,19.994161661751047,-23.06305236193317,3.1875912711621304,10458.958501257997
4.146142994234181,20.0,19.993476200653987,-23.09497807791074,3.1850458461176254,10457.731771607912
4.160597721297915,20.0,19.99294216282174,-23.127149722402116,3.18249942137221,10456.52827004455
4.175071296655117,20.0,19.992538951317382,-23.159539092872485,3.1799519412808848,10455.348032498916
4.1895639082631675,20.0,19.992247909929265,-23.19212030431156,3.177403356479406,10454.191096574485
4.204075742833277,20.0,19.992052238002454,-23.224869706775955,3.174853622541056,10453.057501090894
4.218606983900111,20.0,19.991936893822647,-23.257765825264332,3.172302699840822,10451.947286187282
4.233157811808049,20.0,19.991888489731277,-23.29078926898725,3.1697505531092687,10450.86049326731
4.247728403697005,20.0,19.991895182117425,-23.32392262752453,3.1671971510154164,10449.797164946933
4.262318933487815,20.0,19.991946558850305,-23.357150357657314,3.164642465779411,10448.757345004731
4.276929640663525,20.0,19.992033526028866,-23.39045821050269,3.1620864607875787,10447.74107360815
4.291560769509306,20.0,19.992148197003587,-23.42383351439729,3.159529100927773,10446.748391925634
4.306212384521616,20.0,19.99228378335628,-23.45726626405728,3.156970384510399,10445.779354201559
4.320884563037737,20.0,19.992434488827406,-23.490747723160528,3.1544103092717015,10444.834013959246
4.335577422592109,20.0,19.992595409379383,-23.524270127508125,3.1518488673734475,10443.912422405818
4.350291118216681,20.0,19.99276243843332,-23.55782659038079,3.1492860456850473,10443.014628926721
4.365025822134076,20.0,19.992932177638448,-23.591411127131607,3.1467218291496497,10442.140682582782
4.379781706242685,20.0,19.993101853559683,-23.625018665413304,3.14415620366911,10441.290633241899
4.39455893231622,20.0,19.99326924052655,-23.658645009938752,3.1415891576544586,10440.46453210785
4.409357649002066,20.0,19.99343258969958,-23.69228676881319,3.139020682407218,10439.66243178717
4.424177995677579,20.0,19.993590564269972,-23.725941242011924,3.1364507713270173,10438.884385972098
4.439020105349671,20.0,19.993742180614195,-23.759606323015653,3.1338794193043866,10438.130449211483
4.453884109547117,20.0,19.993886755175524,-23.79328039453406,3.131306621786036,10437.400676615824
4.46877014423623,20.0,19.9940238567993,-23.82696222458512,3.128732373680918,10436.695123565103
4.483678342926244,20.0,19.99415326425048,-23.860650951119954,3.1261566704953996,10436.013846051866
4.4986088425968305,20.0,19.994274928571475,-23.89434599035708,3.123579507260424,10435.356900401037
4.513561776777018,20.0,19.994388939984837,-23.928047032916805,3.121000879687783,10434.724343583011
4.528537280491237,20.0,19.994495498953473,-23.961753969499004,3.118420783284501,10434.116232984674
4.543535484300032,20.0,19.99459489111196,-23.995466890900058,3.1158392143547977,10433.532626646007
4.558556523240065,20.0,19.99468746564794,-24.029185998173453,3.1132561684418385,10432.973582894334
4.573600526873362,20.0,19.99477361693124,-24.062911636702935,3.110671642026584,10432.439160724602
4.588667626249646,20.0,19.99485376893553,-24.0966442271236,3.1080856313203142,10431.929419520731
4.603757953915729,20.0,19.994928362242803,-24.130384243977282,3.1054981322590645,10431.444419065305
4.6188716409175425,20.0,19.99499784334254,-24.16413221631427,3.1029091410159246,10430.984219638345
4.634008819803143,20.0,19.99506265590751,-24.19788869358065,3.1003186534865503,10430.548881918161
4.649169624632269,20.0,19.99512323384614,-24.231654232911374,3.0977266652910975,10430.138466991099
4.664354189978785,20.0,19.995179995895977,-24.265429394957714,3.0951331719496338,10429.753036386037
4.6795626489164865,20.0,19.995233341550374,-24.299214747923923,3.0925381692310907,10429.392652121947
4.694795136040941,20.0,19.9952836480839,-24.333010842123105,3.089941652643197,10429.05737662841
4.710051787479256,20.0,19.995331268557877,-24.366818204847284,3.087343617438658,10428.747272755312
4.7253327378590635,20.0,19.995376530655705,-24.400637355225296,3.08474405913867,10428.462403836667
4.740638125375282,20.0,19.995419736125715,-24.434468770377457,3.0821429726782856,10428.20283359324
4.755968086728662,20.0,19.99546116084555,-24.46831291479236,3.079540353275343,10427.968626232427
4.7713227601718184,20.0,19.995501055263055,-24.502170220662887,3.0769361959200063,10427.759846393583
4.786702285519339,20.0,19.99553964520326,-24.536041087623293,3.0743304953812864,10427.576559157595
4.802106804157987,20.0,19.995577132937534,-24.569925883002682,3.071723246213297,10427.418830056466
4.817536454962898,20.0,19.995613698478298,-24.60382496721735,3.0691144434529245,10427.28672511453
4.832991376331547,20.0,19.995649500956915,-24.637738682261233,3.066504082280274,10427.180310811511
4.848471706180547,20.0,19.9956846800997,-24.671667352890584,3.063892158024324,10427.099654074898
4.863977580913774,20.0,19.99571935775273,-24.705611294125948,3.0612786663414315,10427.044822275015
4.879509119957441,20.0,19.99575363953254,-24.739570904901395,3.0586636058206746,10427.015883224509
4.8950663688855,20.0,19.99578761680037,-24.773547006616816,3.0560469875320124,10427.012904996067
4.910648830668156,20.0,19.995821372017026,-24.807543618320718,3.053428913663894,10427.035954217392
4.926258733097045,20.0,19.995854952981425,-24.84154858635083,3.0508090290493644,10427.085104554437
4.941895374456647,20.0,19.9958884211387,-24.875567166453557,3.048187470905799,10427.160427485805
4.95755833503532,20.0,19.995921826167084,-24.909602889547223,3.0455643287493865,10427.261991362264
4.973247576909241,20.0,19.99595520628604,-24.943657003707727,3.042939627967332,10427.389864657067
4.988963297432433,20.0,19.995988590533976,-24.9777293614593,3.0403133546296375,10427.544117585583
4.998884566571516,20.0,19.996031636622295,-25.016086926889248,3.038656807168575,10427.654951373857
5.002182560955365,-15.0,19.995598050234655,-14.418978081644074,3.0381005385149806,10427.694098608996
5.0044056608929,-15.0,19.990246353493564,-3.1847776879243126,3.037696247001658,10427.72117120064
5.00811921998653,-15.0,19.961776801757143,6.444713648630508,3.036986501895582,10427.76774319152
5.01116075440474,-15.0,19.916182989135446,9.939273077312933,3.036390895014652,10427.807199236298
5.015741137898508,-15.0,19.806806163344447,11.994224867939888,3.03548950402327,10427.868894098308
5.0207059930524505,-15.0,19.63340534583427,12.507348551816136,3.034521163057195,10427.938866526461
5.027399392428633,-15.0,19.314644772442495,12.343886405407225,3.0332466077682243,10428.03825317978
5.035501289621904,-15.0,18.811048832766666,12.080282227217188,3.031768233678961,10428.16614640065
5.046494624070062,-15.0,17.950528491443112,11.97380701841969,3.0298991716685544,10428.35248044774
5.061153279388147,-15.0,16.54781229804473,12.266397278208547,3.027686452043806,10428.622460908418
5.08118347820909,-15.0,14.293503524956733,13.128610455248687,3.0252091106554,10429.027057178255
5.102763246914462,-15.0,11.60435743551762,13.745832708931239,3.023209351117212,10429.50183115584
5.119921615514111,-15.0,9.380552685228505,14.128255625781987,3.0220409036168965,10429.902239054789
5.135607824041255,-15.0,7.338925780120793,14.030465552316112,3.02122937020181,10430.281877703328
5.15043541593972,-15.0,5.438042166577858,13.906416731440991,3.020632887836289,10430.649580730871
5.1650275471235645,-15.0,3.620043517248516,13.333063816503863,3.020158792601243,10431.017261703295
5.179468164760431,-15.0,1.8890691023565156,11.816754132476763,3.0197614489237496,10431.384608095384
5.193708638939993,-15.0,0.26243759608968165,10.47709690263694,3.019408548075499,10431.748349016976
5.208326717906598,-15.0,-1.3157168685771274,8.912030249310874,3.0190609249738447,10432.12156163681
5.223119855912846,-15.0,-2.811839305568666,7.957014847794711,3.0187027323116142,10432.497431462962
5.2381869217493575,-15.0,-4.226741417370053,7.328727058823392,3.018310977239413,10432.876659908954
5.253173597161208,-15.0,-5.523260781815602,7.256702375560144,3.017876909717699,10433.248532810921
5.267999556152695,-15.0,-6.6993829464314585,7.356569017294564,3.0173903176642756,10433.609560971521
5.282695470825837,-15.0,-7.763469862230848,7.575659390631485,3.0168413707108246,10433.959175474749
5.297326855443848,-15.0,-8.72527548582502,7.9703844117122475,3.016222038113908,10434.297686288955
5.311937308097536,-15.0,-9.592531545885087,8.454532828107732,3.0155272229608276,10434.624885457079
5.3265884684713205,-15.0,-10.373226683277801,8.99534131239954,3.014752679469846,10434.940930393315
5.341268122326784,-15.0,-11.07138463967564,9.63529974690548,3.0138997287589393,10435.244375943126
5.355956446864091,-15.0,-11.692175183626023,10.206622122339066,3.0129721847545103,10435.533780461501
5.3706327416853235,-15.0,-12.240679501904834,10.763078966026697,3.0119748431414513,10435.807859812967
5.385301942981611,-15.0,-12.722772213399198,11.3116107348603,3.010912389444421,10436.065951305169
5.399959137983033,-15.0,-13.144139794908662,11.812144048063983,3.0097910132018564,10436.307313787094
5.414596552812569,-15.0,-13.510312327612509,12.272798084829677,3.008616982692137,10436.531277896187
5.429236069985944,-15.0,-13.827006745793767,12.693031794831434,3.0073944822723315,10436.737692185587
5.443876186745501,-15.0,-14.099031589869302,13.072689119113353,3.006129403167428,10436.926087168866
5.458515158912394,-15.0,-14.330958662313762,13.412538522894074,3.0048274791922736,10437.09606474593
5.473152625987077,-15.0,-14.527115704256824,13.714130210724212,3.00349403398155,10437.247309190987
5.487789455611333,-15.0,-14.691550915228046,13.979584855192611,3.002133910440977,10437.379570711593
5.502427321941444,-15.0,-14.828010960693494,14.211396748652206,3.0007514603515766,10437.492648326577
5.517068283726619,-15.0,-14.939933776909179,14.412271454580424,2.9993505631721544,10437.586376294626
5.5317144983440105,-15.0,-15.030452816191882,14.585000702347424,2.9979346527789676,10437.660614896466
5.546368107361876,-15.0,-15.102408405969758,14.732369729394646,2.9965067413529556,10437.715244512396
5.5610312316093795,-15.0,-15.158362611942493,14.857090101357553,2.995069441129477,10437.750161302793
5.575705999265713,-15.0,-15.200615590785135,14.961752151806795,2.9936249881356485,10437.765273412486
5.590394543876339,-15.0,-15.231222558443754,15.048792707826566,2.992175271966671,10437.760497415766
5.605098939967194,-15.0,-15.25201107998707,15.120474961686936,2.9907218732448655,10437.735755328385
5.619821086491223,-15.0,-15.264598534828405,15.17887806968671,2.9892661064898767,10437.690972708613
5.6345625629597835,-15.0,-15.270409505157552,15.225894305583001,2.9878090648932223,10437.626078185669
5.649324485277591,-15.0,-15.27069276192886,15.263231799906823,2.9863516635372775,10437.541004469538
5.6641073886643225,-15.0,-15.26653753219688,15.292421168384925,2.9848946778566674,10437.435690598786
5.678911170396059,-15.0,-15.258888792855291,15.314824651462459,2.9834387739008807,10437.310084836308
5.693735088198292,-15.0,-15.24856144851269,15.331646653992356,2.981984530834332,10437.164147656687
5.708577831751332,-15.0,-15.236253362221017,15.34394496519366,2.9805324541309206,10436.997854060422
5.723437636506047,-15.0,-15.222557316138772,15.352642146642951,2.9790829827322187,10436.81119490393
5.738312439110277,-15.0,-15.207972012635542,15.35853683410592,2.977636490469253,10436.604176834753
5.753200035024462,-15.0,-15.192912263881267,15.362314792049828,2.9761932857825917,10436.376821051828
5.768098230126065,-15.0,-15.177718473230893,15.364559652771103,2.9747536106451746,10436.129161002193
5.783004952355741,-15.0,-15.162665500791524,15.365763278493645,2.9733176420274545,10435.861239697168
5.797921615145258,-15.0,-15.147967746209506,15.36633574840451,2.9718851802744113,10435.573041207052
5.812846999593504,-15.0,-15.133793199995923,15.366614578131594,2.9704562482540093,10435.26459742802
5.827776272110429,-15.0,-15.120270926413895,15.3668740130492,2.9690311889893466,10434.936027822812
5.842705904928041,-15.0,-15.10749233692774,15.36733297876437,2.9676101998044686,10434.587445245194
5.8576342874764675,-15.0,-15.095516612811869,15.368162380163964,2.9661932820815458,10434.21893147756
5.872561219197176,-15.0,-15.084376659277881,15.369492059384635,2.9647802965443253,10433.830537826041
5.887487120304271,-15.0,-15.074084542329485,15.371417143754005,2.9633710432621996,10433.42229778371
5.9024124168671905,-15.0,-15.064635986402008,15.37400362691598,2.9619653232075556,10432.994240952297
5.917337255192579,-15.0,-15.056013943354797,15.377293208624282,2.960562967368069,10432.546401800115
5.9322615008770825,-15.0,-15.048191441904306,15.381307510878028,2.9591638383017203,10432.078821596988
5.947184875244541,-15.0,-15.041133950560463,15.386051778575158,2.9577678184348914,10431.591545783289
5.962107108566469,-15.0,-15.034801399599145,15.391518129026316,2.9563747966027236,10431.084619678786
5.977028026036808,-15.0,-15.029149934516589,15.397688372929046,2.954984660709975,10430.558085400951
5.9919475694798745,-15.0,-15.024133410915432,15.404536429808989,2.953597296182727,10430.011980504702
6.006865770635077,-15.0,-15.019704639902585,15.41203036562431,2.9522125887031896,10429.446338324164
6.02178270864885,-15.0,-15.015816396215868,15.42013409497004,2.9508304281940236,10428.86118915806
6.036698472525497,-15.0,-15.012422213685076,15.428808793891722,2.949450712159449,10428.256561585858
6.0516131403842905,-15.0,-15.009476997562654,15.438014068252173,2.9480733473327847,10427.63248336296
6.06652678045146,-15.0,-15.006937483428652,15.44770891785772,2.946698249224309,10426.988981523318
6.081439453038946,-15.0,-15.004762572527401,15.457852516020916,2.9453253415234664,10426.326082425732
6.096351218447203,-15.0,-15.002913562808976,15.46840483347618,2.943954554921,10425.643811505402
6.11126214091575,-15.0,-15.001354294687355,15.479327123028312,2.942585826277301,10424.942193147835
6.1261722866483135,-15.0,-15.000051226140322,15.49058228257519,2.941219098326007,10424.22125081785
6.141081721838572,-15.0,-14.99897344937851,15.50213511816916,2.9398543193753994,10423.48100719949
6.155990512671036,-15.0,-14.998092660669137,15.513952524654329,2.938491442835361,10422.721484244968
6.1708987243346405,-15.0,-14.997383093655973,15.526003595814105,2.9371304268481655,10421.942703271478
6.185806414112902,-15.0,-14.996821424825063,15.538259672130472,2.9357712344767473,10421.144685382395
6.200713639283542,-15.0,-14.996386657555849,15.5506943537061,2.934413832562439,10420.327451116558
6.215620450208665,-15.0,-14.996059992291348,15.563283463911972,2.9330581919585574,10419.491020873076
6.230526894284775,-15.0,-14.99582468681028,15.576004992469315,2.9317042867992793,10418.635414755678
6.245433012981996,-15.0,-14.995665911469134,15.588839010322388,2.9303520944243426,10417.760652793222
6.2603388477678505,-15.0,-14.995570602512869,15.6017675753523,2.9290015945240304,10416.866754641458
6.275244434184756,-15.0,-14.99552731649333,15.614774616265525,2.927652769385881,10415.953739969562
6.290149804812052,-15.0,-14.99552608771282,15.627845816387381,2.926305603360707,10415.021628328434
6.305054990253492,-15.0,-14.995558290551555,15.640968491582179,2.9249600825335262,10414.070439121142
6.319960017163311,-15.0,-14.995616507885696,15.654131464184992,2.9236161946856236,10413.100191758373
6.334864910220734,-15.0,-14.995694406515675,15.667324941191929,2.9222739289222908,10412.11090556256
6.3497696901559735,-15.0,-14.995786620202368,15.680540391663238,2.9209332756777133,10411.102599924845
6.3646743727633375,-15.0,-14.995888640680375,15.693770429001974,2.9195942266494175,10410.075294406977
6.379578977785193,-15.0,-14.995996716885246,15.707008707023846,2.9182567738648437,10409.029008150226
6.394483519041114,-15.0,-14.996107762183223,15.720249805400915,2.9169209104500498,10407.963760567638
6.4093880083763475,-15.0,-14.996219269682202,15.733489133596155,2.9155866301707807,10406.879571096635
6.424292455661865,-15.0,-14.996329235270728,15.746722838030374,2.9142539273425654,10405.776459215316
6.439196871755639,-15.0,-14.996436088110725,15.759947718677601,2.912922796488832,10404.65444423322
6.4541012655414285,-15.0,-14.99653862814296,15.77316114727248,2.911593232539971,10403.513545516014
6.469005641954647,-15.0,-14.996635970247407,15.786360993118645,2.910265230952513,10402.353782654747
6.483910007904848,-15.0,-14.996727494662034,15.799545562374824,2.9089387871334833,10401.175175020142
6.498814373262803,-15.0,-14.99681280311566,15.812713539258478,2.907613896314687,10399.977741671226
6.513718740989743,-15.0,-14.996891680204662,15.825863923731335,2.9062905543978905,10398.761502149091
6.528623106150283,-15.0,-14.996964059691484,15.838995982640936,2.904968758012416,10397.526476603369
6.543527469731499,-15.0,-14.997029995286672,15.85210921903731,2.9036485032665147,10396.272684670965
6.558431831733393,-15.0,-14.997089635315483,15.865203328259177,2.902329786344738,10395.000146033095
6.573336195117194,-15.0,-14.997143201038119,15.878278168025844,2.901012603145829,10393.708880076872
6.588240563831213,-15.0,-14.99719096816518,15.891333727497065,2.8996969494487774,10392.398906051323
6.603144939849607,-15.0,-14.997233251244747,15.904370099290569,2.8983828211673766,10391.070243326845
6.61804932415946,-15.0,-14.997270390605669,15.917387458347335,2.89707021425773,10389.722911317498
6.632953722683255,-15.0,-14.997302741545807,15.930386048164188,2.895759124194369,10388.35692894041
6.647858136408087,-15.0,-14.997330665441915,15.943366156122385,2.8944495468384037,10386.972315507812
6.662762560398561,-15.0,-14.997354522595476,15.956328099020403,2.893141478521699,10385.569090851157
6.67766699268052,-15.0,-14.99737466656601,15.969272219291804,2.89183491526666,10384.147274504743
6.692571432266886,-15.0,-14.997391439748338,15.98219887377227,2.8905298529623678,10382.70688587895
6.707475876196415,-15.0,-14.997405170034858,15.995108423343947,2.8892262876263763,10381.247944545525
6.722380326443273,-15.0,-14.99741616840433,16.008001232529764,2.887924214803316,10379.770469560364
6.737284784981631,-15.0,-14.99742472726751,16.02087766018991,2.886623630000946,10378.274479931086
6.752189249837324,-15.0,-14.997431119458444,16.033738052218972,2.885324529037427,10376.759995020526
6.7670937210103554,-15.0,-14.997435597756892,16.04658274362396,2.8840269075274394,10375.227033958274
6.781998197513643,-15.0,-14.997438394831732,16.05941205380408,2.8827307611439608,10373.675615938397
6.796902678360104,-15.0,-14.997439723527304,16.072226285892004,2.881436085535457,10372.105760120885
6.811807164536825,-15.0,-14.99743977741569,16.085025727490223,2.8801428761579646,10370.517485420003
6.826711655056721,-15.0,-14.997438731552107,16.097810646825923,2.8788511286212066,10368.910810920135
6.841616149919795,-15.0,-14.997436743380273,16.110581295181802,2.877560838434395,10367.285755563284
6.856520647151874,-15.0,-14.997433953742032,16.123337904595328,2.8762720012654492,10365.642338471353
6.8714251467529595,-15.0,-14.997430487952427,16.136080691652428,2.874984612601807,10363.980578515708
6.886329648723052,-15.0,-14.997426456910715,16.14880985644296,2.8736986679240486,10362.300494528852
6.901234154049239,-15.0,-14.99742195822077,16.161525584167396,2.8724141626231066,10360.60210519144
6.916138661744433,-15.0,-14.997417077302165,16.17422804350229,2.8711310922575635,10358.885429369237
6.931043169834461,-15.0,-14.997411888473582,16.186917388362374,2.8698494524697225,10357.150486009858
6.9459476793064105,-15.0,-14.997406455995938,16.199593762207133,2.8685692386478583,10355.397293682094
6.960852190160282,-15.0,-14.997400835070131,16.21225729567638,2.867290446267709,10353.625871029635
6.975756702396075,-15.0,-14.99739507277851,16.224908108397017,2.8660130708087928,10351.836236658162
6.99066121601379,-15.0,-14.997389208967679,16.23754630994446,2.86473710775559,10350.028409135539
7.0055657310134265,-15.0,-14.997383277069893,16.250172000747924,2.8634625525985875,10348.202406992012
7.020470246407898,-15.0,-14.99737730486248,16.262785272156957,2.862189400919462,10346.358248843157
7.035374761210117,-15.0,-14.997371315164369,16.27538620810128,2.86091764830723,10344.495953272155
7.050279277394258,-15.0,-14.997365326470936,16.2879748883535,2.859647290106675,10342.61553845461
7.065183792986147,-15.0,-14.997359353534021,16.300551383470054,2.8583783220082752,10340.717023025105
7.0800883079857835,-15.0,-14.99735340788035,16.31311576043886,2.8571107395434403,10338.80042533624
7.094992824367342,-15.0,-14.997347498279021,16.325668083287404,2.855844538085846,10336.865763446867
7.1098973421308225,-15.0,-14.997341631160403,16.33820841035246,2.8545797131875683,10334.913055630079
7.124801859302051,-15.0,-14.99733581098665,16.35073679481525,2.853316260578451,10332.942320385398
7.139706375881027,-15.0,-14.997330040577324,16.36325328845651,2.852054175831265,10330.953575921727
7.154610890880664,-15.0,-14.997324321397969,16.37575793961093,2.850793454613141,10328.946840546148
7.169515405288049,-15.0,-14.997318653809891,16.388250796009196,2.849534092435171,10326.922132266061
7.184419921077356,-15.0,-14.997313037288441,16.40073190428551,2.848276084736673,10324.87946891341
7.199324438248585,-15.0,-14.997307470612059,16.41320130782284,2.8470194271352383,10322.81886855019
7.214228954827561,-15.0,-14.997301952023266,16.425659047011294,2.8457641154258715,10320.740349480588
7.229133470814285,-15.0,-14.997296479364133,16.43810516276426,2.844510145248105,10318.643929705342
7.24403798522167,-15.0,-14.997291050192992,16.450539694248068,2.843257512335626,10316.52962733199
7.258942499036803,-15.0,-14.997285661879992,16.462962681527074,2.8420062122673313,10314.397460155624
7.273847012259684,-15.0,-14.997280311688222,16.475374163235212,2.840756240716391,10312.247446076266
7.288751526864487,-15.0,-14.997274996838083,16.487774179164006,2.8395075932018057,10310.079602672542
7.30365603988995,-15.0,-14.9972697145626,16.500162764670645,2.8382602656671687,10307.89394820752
7.318560554297336,-15.0,-14.997264462145326,16.512539959715628,2.837014253571181,10305.690500046738
7.333465067125382,-15.0,-14.997259236957087,16.52490579917726,2.8357695528788707,10303.46927639544
7.348369578374089,-15.0,-14.997254036477226,16.537260320239543,2.83452615931819,10301.230294994311
7.363274089030544,-15.0,-14.997248858312,16.54960356081114,2.833284068545675,10298.973573402147
7.378178599094747,-15.0,-14.997243700207271,16.56193555793027,2.832043276311061,10296.699129292678
7.393083108566699,-15.0,-14.997238560055424,16.574256348622473,2.83080377837473,10294.406980308297
7.407987619420571,-15.0,-14.997233435898076,16.58656597153668,2.829565570343713,10292.097143753186
7.422892128695105,-15.0,-14.997228325928758,16.598864461301968,2.8283286482455887,10289.769637664971
7.437796635403214,-15.0,-14.997223228488227,16.611151854205612,2.8270930079537506,10287.424479752914
7.452701141519071,-15.0,-14.997218142059946,16.62342818899965,2.825858645106475,10285.061687229385
7.467605647042677,-15.0,-14.997213065266113,16.63569350287122,2.824625555516226,10282.681277583762
7.482510151974031,-15.0,-14.997207996860189,16.647947833053333,2.8233937350056597,10280.283268275556
7.497414655326047,-15.0,-14.997202935719704,16.660191216028394,2.8221631794890083,10277.867676895203
7.512319157098725,-15.0,-14.997197880837565,16.672423689128255,2.8209338848088508,10275.434520846688
7.527223658279151,-15.0,-14.997192831313782,16.68464529053293,2.8197058467364635,10272.98381734196
7.54212815788024,-15.0,-14.997187786348173,16.69685605684704,2.818479061215784,10270.515583887509
7.55703265392782,-15.0,-14.997182745231772,16.70905602391291,2.817253524281395,10268.029838131006
7.571937147408977,-15.0,-14.997177707337432,16.72124522999811,2.816029231733893,10265.526597201873
7.586841638323712,-15.0,-14.99717267211344,16.733423712589417,2.8148061794648918,10263.005878364227
7.60174612765911,-15.0,-14.997167639075448,16.745591509980173,2.813584363294803,10260.467698685557
7.616650614428088,-15.0,-14.997162607800519,16.757748658863775,2.8123637792155685,10257.912075540682
7.631555098630644,-15.0,-14.997157577919566,16.769895196733682,2.811144423147645,10255.339026110583
7.6464595792796946,-15.0,-14.997152549111945,16.782031160277494,2.8099262911016254,10252.748567721146
7.661364056375241,-15.0,-14.997147521099158,16.79415658695692,2.8087093790166735,10250.140717502582
7.6762685289302,-15.0,-14.99714249364037,16.806271513419517,2.8074936829218204,10247.515492732773
7.691172995957491,-15.0,-14.997137466527354,16.81837597628785,2.8062791988551194,10244.872910667676
7.70607745647003,-15.0,-14.997132439580227,16.830470012149434,2.8050659228635983,10242.212988541547
7.7209819114549045,-15.0,-14.9971274126429,16.842553659145306,2.803853850842745,10239.535743211405
7.735886359925034,-15.0,-14.997122385580978,16.854626953780503,2.8026429788578677,10236.841191861908
7.750790800893339,-15.0,-14.997117358277988,16.866689932519275,2.8014333029831047,10234.129351656706
7.76569523139858,-15.0,-14.99711233063331,16.87874263019291,2.8002248194613695,10231.400240101293
7.780599649466606,-15.0,-14.997107302558728,16.890785082379555,2.7990175244637694,10228.65387450729
7.795504054110348,-15.0,-14.997102273976294,16.902817325389556,2.7978114140899595,10225.890271986937
7.810408445329818,-15.0,-14.997097244816477,16.914839396268015,2.7966064843684912,10223.109449447611
7.825312820163798,-15.0,-14.997092215017885,16.926851329637113,2.7954027315758876,10220.311424329859
7.840217174664003,-15.0,-14.99708718452519,16.938853159268504,2.794200152076226,10217.496214250672
7.855121503895096,-15.0,-14.997082153287938,16.950844918090787,2.792998742320713,10214.66383700937
7.870025803908835,-15.0,-14.99707712125884,16.962826639766345,2.7917984986883675,10211.814310214899
7.884930066808729,-15.0,-14.997072088394608,16.974798354760544,2.790599417883236,10208.94765223243
7.899834286672481,-15.0,-14.997067054653192,16.986760095052595,2.78940149645705,10206.063881056902
7.914738454616664,-15.0,-14.997062019994875,16.998711890219276,2.788204731206066,10203.163015265263
7.929642555835617,-15.0,-14.997056984382807,17.01065376508143,2.787009119407327,10200.24507461503
7.944546571575697,-15.0,-14.997051947781927,17.02258574129183,2.7858146586582255,10197.310079688408
7.959450481109528,-15.0,-14.99704691015796,17.03450783891938,2.7846213467169947,10194.358051522773
7.974354250878824,-15.0,-14.99704187148092,17.046420067840224,2.783429182370025,10191.389013791066
7.989257836469168,-15.0,-14.997036831724236,17.058322429354057,2.7822381652692694,10188.402992478246
8.004161173728042,-15.0,-14.997031790867684,17.070214909182237,2.7810482966369787,10185.400017737802
8.019064166923512,-15.0,-14.997026748901387,17.082097468169664,2.779859580202397,10182.380126410135
8.03396667394542,-15.0,-14.997021705830859,17.093970030703098,2.7786720233687694,10179.343365225825
8.04887155437756,-15.0,-14.997016660625649,17.105834890354345,2.7774853946427167,10176.289164747079
8.06377840475177,-15.0,-14.997011613379591,17.117691760351132,2.7762997228102275,10173.217616720985
8.078685653389918,-15.0,-14.997006564589,17.129539434371225,2.775115129329454,10170.129057419435
8.093592243944226,-15.0,-14.997001514572156,17.141377115690208,2.7739316943049546,10167.023722590468
8.108497856618115,-15.0,-14.996996463392822,17.153204589594186,2.772749439143672,10163.901698061556
8.12340269480673,-15.0,-14.996991410933664,17.165022053348558,2.7715683437277927,10160.762960611202
8.138307152376056,-15.0,-14.996986357011005,17.17682985323329,2.7703883729362704,10157.607445638672
8.153211564934523,-15.0,-14.996981301460732,17.188628288760253,2.7692094963781155,10154.435099172317
8.16811610818356,-15.0,-14.9969762441735,17.20041753315017,2.768031696399083,10151.245900010621
8.183020806802007,-15.0,-14.996971185091788,17.212197640783774,2.7668549673216782,10148.039858711287
8.197925596628979,-15.0,-14.996966124188518,17.2239685963545,2.765679310487487,10144.817004962957
8.212830397708958,-15.0,-14.996961061441898,17.2357303722878,2.764504728471338,10141.577372167652
8.22773515673834,-15.0,-14.996955996820784,17.247482961968355,2.763331221735309,10138.320988231524
8.242639854962416,-15.0,-14.996950930281997,17.259226385829475,2.762158788017513,10135.047873675943
8.257544501265256,-15.0,-14.996945861772744,17.270960685855428,2.7609874228873306,10131.758042972486
8.272449115388845,-15.0,-14.996940791236463,17.2826859124075,2.7598171210722695,10128.451508120266
8.287353718062157,-15.0,-14.996935718616278,17.294402116508714,2.7586478772357563,10125.128280791894
8.30225831915612,-15.0,-14.99693064385915,17.30610934060364,2.757479686905369,10121.788374989323
8.317162922619106,-15.0,-14.996925566914205,17.31780762244477,2.756312546082621,10118.43180599073
8.332067524502744,-15.0,-14.996920487733458,17.329496993568203,2.755146451395211,10115.058590831803
8.346972120858664,-15.0,-14.996915406269107,17.341177485449716,2.7539813994772273,10111.668746549649
8.36187671168687,-15.0,-14.996910322472187,17.352849132585416,2.7528173866609036,10108.262289278373
8.37678129600027,-15.0,-14.996905236294308,17.36451196863143,2.751654409362893,10104.83923536354
8.391685873798869,-15.0,-14.996900147686993,17.376166027951697,2.7504924639300556,10101.399600911202
8.406590446069758,-15.0,-14.996895056601696,17.387811345610334,2.749331546639764,10097.943401782626
8.421495013800032,-15.0,-14.996889962990162,17.399447956607244,2.7481716537769905,10094.470653819599
8.43639957797678,-15.0,-14.996884866804434,17.411075895872134,2.7470127816342687,10090.981372844655
8.451304140574186,-15.0,-14.99687976799654,17.4226951990402,2.745854926435009,10087.475574428601
8.466208700605156,-15.0,-14.996874666519863,17.434305899385585,2.7446980846401208,10083.953274820562
8.481113259056782,-15.0,-14.996869562327436,17.445908031648994,2.743542252564399,10080.414489790053
8.496017814941975,-15.0,-14.996864455373334,17.457501628985252,2.7423874266829493,10076.859235560296
8.510922368260736,-15.0,-14.996859345611638,17.469086725252804,2.7412336034013456,10073.287528108085
8.525826920000155,-15.0,-14.996854232996439,17.48066335500365,2.7400807790559267,10069.699383158564
8.540731470160228,-15.0,-14.996849117482551,17.49223155196837,2.738928950066592,10066.094816658548
8.55563601874096,-15.0,-14.996843999025145,17.503791349819927,2.7377781128602545,10062.473844541844
8.57054056574235,-15.0,-14.996838877579767,17.515342782169242,2.7366282638708057,10058.836482729479
8.585445112151486,-15.0,-14.996833753101994,17.52688588332179,2.7354793994630304,10055.182746887409
8.60034965796837,-15.0,-14.996828625548119,17.538420686769378,2.7343315160848753,10051.51265290854
8.615254202205909,-15.0,-14.99682349487516,17.549947225183644,2.7331846102670907,10047.826216918373
8.630158743877018,-15.0,-14.996818361040512,17.561465531182975,2.732038678547017,10044.123455034874
8.645063283968785,-15.0,-14.996813224001254,17.57297563883419,2.730893717316962,10040.404382875005
8.659967823468298,-15.0,-14.996808083714841,17.584477582145627,2.729749722976275,10036.669016039998
8.674872362375558,-15.0,-14.996802940139455,17.595971394314102,2.7286066920069802,10032.917370364592
8.689776901677654,-15.0,-14.996797793233307,17.607457109225958,2.7274646208222175,10029.149461422508
8.704681440387496,-15.0,-14.996792642955674,17.618934759206887,2.726323505993149,10025.365305274754
8.719585977517998,-15.0,-14.996787489266211,17.630404376522154,2.7251833440973403,10021.564917976151
8.734490514056246,-15.0,-14.996782332124251,17.64186599488901,2.7240441315679,10017.748315068955
8.74939505000224,-15.0,-14.99677717148985,17.653319647209372,2.7229058649201354,10013.915512335465
8.764299587330159,-15.0,-14.99677200732274,17.664765367836537,2.7217685405253365,10010.06652503729
8.779204123078737,-15.0,-14.996766839584762,17.676203187306136,2.7206321551379657,10006.201369700468
8.79410865823506,-15.0,-14.996761668236733,17.687633139104168,2.719496705217577,10002.3200618242
8.809013191812044,-15.0,-14.996756493240541,17.69905525515875,2.7183621873806545,9998.422617411596
8.823917724796773,-15.0,-14.996751314557741,17.71046956884193,2.7172285980997914,9994.509051941695
8.838822257189252,-15.0,-14.996746132150605,17.72187611272441,2.7160959339292234,9990.579381141391
8.853726789976564,-15.0,-14.996740945981413,17.733274920061348,2.7149641913546465,9986.633620467292
8.868631322171623,-15.0,-14.99673575601352,17.74466602255747,2.7138333670180765,9982.671785889363
8.883535853774431,-15.0,-14.996730562210288,17.7560494526171,2.7127034574928093,9978.693893109872
8.898440384784985,-15.0,-14.996725364535445,17.767425242583172,2.7115744593584363,9974.699957823332
8.913344917177463,-15.0,-14.996720162952373,17.778793426240718,2.710446369051455,9970.689995184528
8.9282494479906,-15.0,-14.99671495742657,17.79015403358559,2.709319183388182,9966.664021668268
8.943153977224396,-15.0,-14.996709747922845,17.801507096799615,2.7081928989667423,9962.62205295035
8.958058505865939,-15.0,-14.99670453440601,17.812852648757534,2.7070675123169425,9958.564104430441
8.972963035889405,-15.0,-14.996699316840886,17.8241907230228,2.7059430199005363,9954.49019122703
8.987867565320618,-15.0,-14.99669409519405,17.83552135012753,2.704819418483409,9950.400329529326
8.99585357143571,-15.0,-14.996691307839088,17.84160209872736,2.704217746218581,9948.202381270867
9.001540124386725,0.0,-14.996051340087249,10.359591071131492,2.7037847469641814,9946.634510636764
9.005001865354156,0.0,-14.989099140189248,4.4301521577370595,2.7035026381429055,9945.678873980502
9.009968896594057,0.0,-14.961284204181473,0.8405517331699556,2.703085311985372,9944.306036612401
9.014317833465038,0.0,-14.91724458312563,-0.20015119621044958,2.702716610967827,9943.102401178165
9.020383871468871,0.0,-14.824812395777391,-0.4505318699252012,2.702205073872302,9941.420972727768
9.027258856597312,0.0,-14.678844868624003,-0.21204481784922918,2.7016351457174177,9939.511729301694
9.036368585871472,0.0,-14.42508005277016,0.22250549467379624,2.700902718245102,9936.976086845147
9.047815301298472,0.0,-14.023301430724658,0.6469671198795184,2.7000272636325926,9933.780801077643
9.063450277832693,0.0,-13.35701947387518,0.9512834824832803,2.6989241132357225,9929.400474373804
9.083616007762746,0.0,-12.357731818381676,1.0329723284939498,2.6976718420622166,9923.725101349144
9.105380696467371,0.0,-11.178608039673055,0.7760363949314741,2.6965365058791053,9917.569649692794
9.123963751766421,0.0,-10.140670122421042,0.5787891863670019,2.6957320616888483,9912.291501540723
9.13981339555639,0.0,-9.2598812173675,0.34139618623463464,2.6951528065289274,9907.774827604331
9.153940897568987,0.0,-8.491492176684844,0.1289896797540364,2.6947087025103795,9903.738327160045
9.167538191289044,0.0,-7.774555496435554,-0.06335705690981716,2.694337153409613,9899.84464094656
9.181332133280359,0.0,-7.075637349670369,-0.19976491555708895,2.6940085863322327,9895.886627355441
9.19560867484144,0.0,-6.386997680033128,-0.3277791125036749,2.6937120909569945,9891.782321666076
9.210343353793416,0.0,-5.7166930735343575,-0.3792932367210013,2.693444932403461,9887.538673299514
9.225334287409927,0.0,-5.079509686728665,-0.4233654751058429,2.693206477127552,9883.21396509964
9.240354094239635,0.0,-4.487728426361657,-0.3703540992176571,2.692994762534835,9878.874247653564
9.255265749826524,0.0,-3.9471412045679344,-0.34402045383279434,2.692806193699589,9874.559767426774
9.270024178859073,0.0,-3.4577770342029277,-0.313065813574272,2.6926361201217173,9870.284253980417
9.284692318486275,0.0,-3.0149244356453044,-0.27028792569545357,2.6924798415337,9866.030066954874
9.299314412855413,0.0,-2.614797979331092,-0.21681763328587514,2.692333863329394,9861.78484715091
9.313930130686353,0.0,-2.2539988140787144,-0.1560838314400666,2.692195464242605,9857.537460602243
9.328557944865299,0.0,-1.9298299544456707,-0.09175670345105101,2.69206266517823,9853.282855613508
9.343197321048383,0.0,-1.6400194529527468,-0.0293166144422909,2.6919340579291426,9849.021460995093
9.357837660423527,0.0,-1.3824707850183862,0.045689170104278906,2.6918086329399813,9844.756607010951
9.372455565307051,0.0,-1.1552121978632832,0.10505215481851952,2.691685711956639,9840.495335270336
9.387073497684826,0.0,-0.9553807298165513,0.15576198258947016,2.69156444171249,9836.231293520921
9.401674620223341,0.0,-0.7807841682248642,0.19933622492777142,2.691444464294659,9831.969561311958
9.4162545821835,0.0,-0.6291002135924139,0.23606082977962792,2.691325443367807,9827.71155918462
9.430813733887419,0.0,-0.49806641456603995,0.2660858523569452,2.6912071029649955,9823.457315656473
9.445355107348451,0.0,-0.3855386114393487,0.28967768174041136,2.6910892211329402,9819.20605638045
9.459878798248932,0.0,-0.28954431943165576,0.3072371273817195,2.690971656775424,9814.957848163142
9.4743833198697,0.0,-0.2082603723604467,0.3192759191035495,2.6908543239342277,9810.713206839115
9.48886544561968,0.0,-0.1400066615633874,0.3263782551857511,2.6907371818767816,9806.47314623266
9.503320260810133,0.0,-0.08323877478768126,0.3291655759343504,2.690620226177674,9802.239165674331
9.517740466729535,0.0,-0.03654353917864188,0.3282675218755891,2.6905034879449565,9798.0134564064
9.53211157074795,0.0,0.0013577119302636501,0.3243001394979361,2.6903870680311166,9793.800314668008
9.546341934022871,0.0,0.03149599669563615,0.3177608494022595,2.6902717010066945,9789.626667895956
9.560655285666485,0.0,0.05538828851362239,0.3089662829224781,2.690155569078452,9785.426929454854
9.574913220621216,0.0,0.07367951507707192,0.2986003809382824,2.6900397934999765,9781.241719997208
9.589019147817242,0.0,0.08715178353809874,0.2872657408511975,2.6899251610319954,9777.099441546348
9.602881394627131,0.0,0.09658443877742004,0.2754713840242676,2.689812421801515,9773.027092630258
9.616321288336996,0.0,0.10268383809802882,0.26370975978484174,2.6897030367421015,9769.077283105813
9.629481167396856,0.0,0.10621200095086221,0.2521027205476219,2.6895958552311057,9765.208303208992
9.645113108984305,0.0,0.10780626703371635,0.23843590399416797,2.689468444841534,9760.610661900553
9.662026520034477,0.0,0.106984436322181,0.22403602593232164,2.689330475735331,9755.633817487635
9.678840587132019,0.0,0.10414403855136625,0.21031749350217627,2.6891932016547404,9750.683833736284
9.69480881971847,0.0,0.10005032314161587,0.19797036552088904,2.6890627280221784,9745.980666191515
9.709936853643011,0.0,0.09525992284702452,0.1869628427417689,2.688939025770561,9741.522988664905
9.724576936090399,0.0,0.09003243957851192,0.17699233495316086,2.688819227050718,9737.207257165152
9.739089507774567,0.0,0.08447473043135349,0.1677910309142063,2.688700387956894,9732.927327732603
9.75369685958074,0.0,0.07866644553755985,0.1592208982024276,2.6885806884908825,9728.617645167058
9.768469686679092,0.0,0.0727109627069021,0.1512525262420138,2.6884595469576196,9724.257298311857
9.783373336075448,0.0,0.06673380990162206,0.14390942149318658,2.688337244711886,9719.856454286119
9.798342264477768,0.0,0.060854030935204924,0.13721335747574828,2.688214317611229,9715.434424524945
9.813307482571055,0.0,0.055171263093552365,0.13116910795972328,2.6880913313643293,9711.01157248098
9.828227854453484,0.0,0.04975383832063768,0.12575578154236058,2.6879686241686724,9706.600059971404
9.843097343799956,0.0,0.04463983626462112,0.12093284119388181,2.6878462462360817,9702.2016855681
9.857931393709276,0.0,0.03984705550373521,0.11665211688489584,2.6877240709668415,9697.811893548063
9.872750666444212,0.0,0.035382516465771584,0.11286623148635136,2.6876019283774775,9693.424575112294
9.887570512755849,0.0,0.031248023568971325,0.1095319183600513,2.6874796918348087,9689.035184716608
9.902397699654529,0.0,0.027442087869734476,0.1066099697101776,2.6873573052334545,9684.64171326165
9.917232165902524,0.0,0.02395994767128126,0.10406399791722656,2.6872347687464404,9680.244173073845
9.932070645946364,0.0,0.02079324355915635,0.10185939046206759,2.687112109062259,9675.843527309702
9.946909794658739,0.0,0.017930120240294032,0.09996290294740418,2.6869893536216187,9671.440764708188
9.961747762583082,0.0,0.015355842682224088,0.09834276079371838,2.6868665175724415,9667.036431954935
9.976584315976469,0.0,0.013053669444882619,0.09696896008818424,2.6867436027273075,9662.630597046436
9.991420132859874,0.0,0.011005703125572901,0.0958135315412501,2.6866206033503977,9658.223057407995
10.006255936380784,0.0,0.009193560243502307,0.09485067106193298,2.686497513320596,9653.813596920989
10.021091866060445,0.0,0.0075988344760634565,0.09405674460431164,2.6863743313507458,9649.402172874397
10.035927156524004,0.0,0.006203403433967824,0.09341021713397175,2.686251063674497,9644.98901191765
10.050760012156633,0.0,0.004989639599156154,0.09289154961373818,2.6861277251155746,9640.574647943318
10.06558750064789,0.0,0.003940568301052015,0.09248308829002105,2.686004340004792,9636.159954443523
10.080405289933445,0.0,0.0030399937247513734,0.09216895401799874,2.685880944405905,9631.746223606522
10.095207175383916,0.0,0.002272593935471762,0.09193492925952446,2.6857575901000974,9627.33530813648
10.10998437269346,0.0,0.0016239842452622343,0.09176834116765267,2.6856343505428293,9622.929833303979
10.124724877023402,0.0,0.0010807393616942445,0.0916579393759161,2.6855113262935872,9618.533389771981
10.139413307082396,0.0,0.0006303783075586022,0.09159377549088697,2.685388646417088,9614.150582171067
10.154032024244218,0.0,0.0002613201016357809,0.09156709494061707,2.685266459228149,9609.786697064741
10.168564233751935,0.0,-3.7164338868951575e-5,0.09157025524362543,2.685144906408884,9605.446777950534
10.182998879377685,0.0,-0.0002749663363255815,0.09159668646400497,2.685024081993658,9601.134161913766
10.197696248197293,0.0,-0.00046519629247378295,0.09164213926175033,2.6849009685793295,9596.741175041256
10.212866492790187,0.0,-0.0006145255754133498,0.09170379924818917,2.6847737988296934,9592.204860797005
10.228205788584576,0.0,-0.000724387165790152,0.09177704262459979,2.6846451134095606,9587.615943930572
10.243459961626849,0.0,-0.0007992768086866868,0.09185708994955176,2.6845170436935093,9583.050446743686
10.258527207155607,0.0,-0.000845333856290542,0.0919402651288576,2.684390446878339,9578.538893607392
10.273430526865146,0.0,-0.0008684552715087132,0.09202421956573024,2.6842651329095415,9574.07446699963
10.288246257555464,0.0,-0.0008734604227930227,0.09210750525774733,2.684140462155057,9569.634349185479
10.303046112076869,0.0,-0.0008641122776201685,0.09218908583272778,2.684015832005825,9565.197069067513
10.31787773326205,0.0,-0.0008434243377172243,0.09226809885853167,2.683890840970712,9560.748339631135
10.332747544947509,0.0,-0.0008139520306955878,0.09234370434796227,2.683765434112208,9556.286220741611
10.34763994294361,0.0,-0.0007779349929144723,0.09241517504014471,2.6836397423127702,9551.815383353094
10.362535645134118,0.0,-0.0007373160725448554,0.09248197707288065,2.6835139279253775,9547.341611414058
10.377421667536964,0.0,-0.0006937317926542947,0.09254378919740047,2.683388100536525,9542.86880612043
10.392293853812694,0.0,-0.0006485204220287648,0.09260047504218229,2.6832622953617182,9538.398221268593
10.407154538320816,0.0,-0.0006027545072124608,0.09265203493348283,2.6831364927554433,9533.929160441276
10.422008664561796,0.0,-0.0005572847788853613,0.09269856071520297,2.6830106509006244,9529.460140844589
10.436860720691254,0.0,-0.0005127813223590989,0.09274020421254989,2.6828847317163684,9524.989814195362
10.451713347731532,0.0,-0.0004697654711417884,0.09277715890982677,2.6827587126854393,9520.517386205534
10.466567382902797,0.0,-0.00042863279762635323,0.09280964968910363,2.6826325865450027,9516.042604726334
10.481422610860912,0.0,-0.0003896706716619898,0.09283792562002795,2.682506354958266,9511.565534462823
10.49627857318072,0.0,-0.0003530734990926679,0.09286225314601132,2.6823800216618943,9507.086313537424
10.511135073107376,0.0,-0.00031895717110288384,0.09288290909676085,2.682253588176641,9502.605001361704
10.525992312378627,0.0,-0.00028737285647654283,0.09290017402517224,2.682127052633227,9498.12153716869
10.540850777169856,0.0,-0.0002583196532728601,0.092914326496345,2.6820004107319697,9493.635774194725
10.55571104336122,0.0,-0.00023175563726949972,0.09292563864298953,2.681873657395194,9489.147538322592
10.570573608307312,0.0,-0.0002076071918777675,0.09293437293027534,2.681746788200858,9484.656678866653
10.585438818955707,0.0,-0.00018577671852373738,0.09294077991200891,2.6816197999993294,9480.163090357562
10.600306861913426,0.0,-0.0001661490403714666,0.09294509669897538,2.681492691003172,9475.666715644724
10.615177804703603,0.0,-0.00014859672190884647,0.09294754595779524,2.681365460439213,9471.167533515656
10.630051639024588,0.0,-0.00013298452656144993,0.0929483353094798,2.6812381081818675,9466.66554567701
10.644928316166869,0.0,-0.00011917312767719358,0.09294765706073782,2.681110634452012,9462.160766077077
10.659807761767043,0.0,-0.00010702216947070028,0.09294568821691848,2.6809830396917342,9457.653216461666
10.674689879733165,0.0,-9.639274133028833e-5,0.09294259073228786,2.680855324531473,9453.142925200978
10.689574553217142,0.0,-8.714933349885062e-5,0.09293851195017992,2.6807274897823827,9448.62992700896
10.704461639673,0.0,-7.916134712134956e-5,0.09293358519071354,2.6805995364795083,9444.11426445618
10.719350975775797,0.0,-7.23042149968413e-5,0.09292793044255711,2.680471465840315,9439.59598649364
10.734242385305595,0.0,-6.646019975196235e-5,0.09292165512625324,2.6803432791974915,9435.075146072379
10.749136040203028,0.0,-6.15188156998516e-5,0.09291485473684143,2.680214974887812,9430.551690469827
10.764049594398665,0.0,-5.737288518987439e-5,0.09290760508319161,2.6800864004678084,9426.02025389153
10.778972653616519,0.0,-5.393202994479817e-5,0.09289998493696415,2.6799576451166836,9421.48398919232
10.793894742767273,0.0,-5.111144687374609e-5,0.09289206505755854,2.679828798986774,9416.946079211128
10.808810394660293,0.0,-4.883166353546697e-5,0.09288390573346852,2.679699909217691,9412.408188321058
10.823719069257443,0.0,-4.701954380284542e-5,0.0928755569768532,2.679570980468873,9407.87048375418
10.838623043911415,0.0,-4.560896609455163e-5,0.09286706014702532,2.6794419930217734,9403.332274952494
10.853525159587573,0.0,-4.454087032472532e-5,0.0928584499057058,2.679312922213885,9398.792698446568
10.86842742863394,0.0,-4.376285153402343e-5,0.09284975576450312,2.6791837504921143,9394.251141872039
10.883330648557315,0.0,-4.322857625082614e-5,0.09284100301305029,2.679054470791903,9389.707362287056
10.898234697015605,0.0,-4.2897204604479124e-5,0.09283221316661919,2.6789250840158636,9385.161396964126
10.913139055810802,0.0,-4.2732884067824125e-5,0.09282340419885418,2.678795594510363,9380.61340405881
10.928043236342083,0.0,-4.2704307756889895e-5,0.09281459077128218,2.6786660063782093,9376.063532958666
10.94294718925968,0.0,-4.278431115788856e-5,0.09280578442590263,2.6785363199117254,9371.511799127316
10.95785079809966,0.0,-4.294948263566645e-5,0.09279699427956177,2.6784065359892324,9366.95823856435
10.972754063856948,0.0,-4.3179784365248887e-5,0.09278822727073985,2.6782766544681462,9362.402851419585
10.98765708326204,0.0,-4.3458195520511954e-5,0.09277948849061932,2.678146674370555,9357.845608561218
11.002559973767616,0.0,-4.3770375931017106e-5,0.0927707815102187,2.6780165945349843,9353.286474466984
11.017462830123781,0.0,-4.41043534088688e-5,0.09276210865468416,2.6778864139951613,9348.725420503844
11.03236570167941,0.0,-4.4450236093000825e-5,0.09275347123523166,2.6777561321792827,9344.162431894105
11.047268604226218,0.0,-4.4799950289088924e-5,0.09274486973257184,2.677625748807888,9339.597504116091
11.062171530855384,0.0,-4.5147002291969017e-5,0.09273630395600917,2.677495263799904,9335.030639598277
11.077074475645038,0.0,-4.548626334993357e-5,0.09272777317280181,2.6773646770657744,9330.461840470574
11.09197743662123,0.0,-4.5813775723766726e-5,0.09271927622900938,2.6772339884814516,9325.891107655369
11.106880418718912,0.0,-4.612657906420981e-5,0.09271081165247301,2.677103197862267,9321.318439956272
11.121783427860047,0.0,-4.6422555631969746e-5,0.09270237774440548,2.676972305014725,9316.743835871808
11.136686470953622,0.0,-4.670029336017162e-5,0.09269397265332772,2.676841309736471,9312.16729359477
11.151589553921681,0.0,-4.695896522354799e-5,0.09268559443748263,2.676710211833626,9307.588811618154
11.166492679725325,0.0,-4.71982236096703e-5,0.09267724111616064,2.6765790111382066,9303.008389342627
11.181395848364675,0.0,-4.741810839546132e-5,0.09266891071038864,2.676447707508226,9298.426027078453
11.196299059839856,0.0,-4.761896744476463e-5,0.09266060127368948,2.6763163008016777,9293.841725136404
11.21120231118997,0.0,-4.7801388175996106e-5,0.09265231091869519,2.676184790902676,9289.255484739162
11.226105600441109,0.0,-4.796613923112485e-5,0.09264403783432719,2.6760531776866774,9284.667306807525
11.241008924632338,0.0,-4.811412098531707e-5,0.09263578030078118,2.675921461037902,9280.07719256788
11.255912282776723,0.0,-4.824632402821407e-5,0.09262753669755486,2.6757896408231656,9275.48514264029
11.270815672900316,0.0,-4.836379456798879e-5,0.09261930551104863,2.6756577169180353,9270.891157950147
11.285719092042132,0.0,-4.846760600033604e-5,0.09261108533776596,2.6755256892068613,9266.295239728815
11.300622539215212,0.0,-4.855883583881632e-5,0.09260287488321553,2.6753935575565513,9261.697388600558
11.315526012445568,0.0,-4.863854723607968e-5,0.0925946729624061,2.675261321842784,9257.097605495353
11.330429508772182,0.0,-4.870777452467876e-5,0.09258647849688713,2.675128981950044,9252.495891649527
11.345333027208067,0.0,-4.876751218418354e-5,0.0925782905093766,2.674996537745333,9247.892247691534
11.360236564792185,0.0,-4.881870667727448e-5,0.09257010812090385,2.6748639891132266,9243.286674861005
11.375140118563486,0.0,-4.886225075885193e-5,0.09256193054451507,2.674731335938368,9238.6791743996
11.390043687534963,0.0,-4.8898979817718936e-5,0.09255375707818675,2.6745985780878763,9234.069746940342
11.404947270719603,0.0,-4.892966989061564e-5,0.09254558710012897,2.674465715428882,9229.458393117264
11.419850866143367,0.0,-4.89550370564218e-5,0.09253742006304619,2.6743327478373384,9224.845113870997
11.434754472819238,0.0,-4.8975737939588665e-5,0.09252925548705596,2.674199675180422,9220.229909837974
11.449658087786139,0.0,-4.8992371075676e-5,0.09252109295535253,2.6740664973429698,9215.61278226732
11.464561711044075,0.0,-4.9005478958436255e-5,0.09251293210572514,2.6739332141833962,9210.99373149228
11.479465341606021,0.0,-4.901555057611168e-5,0.0925047726274302,2.6737998255689384,9206.372758152693
11.494368979471982,0.0,-4.902302431267454e-5,0.09249661425475053,2.6736663313580027,9201.749862583174
11.5092726226679,0.0,-4.902829108292864e-5,0.09248845676379676,2.673532731426685,9197.125045731547
11.52417627119378,0.0,-4.9031697608550325e-5,0.09248029996578488,2.6733990256334046,9192.498307934191
11.53907992307556,0.0,-4.903354974655408e-5,0.09247214370502678,2.6732652138543003,9187.869650141196
11.553983579300272,0.0,-4.903411581056271e-5,0.0924639878523574,2.673131295938934,9183.239072383964
11.56888723986792,0.0,-4.903362982771078e-5,0.09245583230378998,2.6729972717457064,9178.60657500075
11.583790901817409,0.0,-4.903229469462977e-5,0.09244767697826378,2.672863141159665,9173.97215925127
11.59869456514874,0.0,-4.9030285198868485e-5,0.09243952181160207,2.6727289040392472,9169.335825475922
11.613598229861916,0.0,-4.902775088486468e-5,0.09243136675556035,2.672594560242878,9164.697574015598
11.628501895956934,0.0,-4.902481874891354e-5,0.0924232117753438,2.672460109628969,9160.057405211688
11.643405564420826,0.0,-4.902159575415204e-5,0.09241505684707724,2.672325552047005,9155.41531909859
11.658309234266563,0.0,-4.901817116155612e-5,0.09240690195749877,2.672190887364273,9150.771316325938
11.673212904507112,0.0,-4.9014618674913405e-5,0.0923987471014376,2.6720561154480764,9146.125397544374
11.688116576129504,0.0,-4.9010998403054546e-5,0.09239059227919007,2.671921236147863,9141.477562789794
11.703020247159678,0.0,-4.900735864638512e-5,0.09238243749789402,2.6717862493398687,9136.8278130221
11.717923917597632,0.0,-4.900373751061792e-5,0.09237428276793809,2.671651154882475,9132.17614858645
11.732827587443369,0.0,-4.900016435992106e-5,0.09236612810293629,2.6715159526340506,9127.5225698285
11.74773125965798,0.0,-4.899666111605127e-5,0.09235797351751832,2.6713806424260578,9122.867076169256
11.762634934241467,0.0,-4.899324341658141e-5,0.09234981902973623,2.6712452241167783,9118.209667954241
11.777538610206797,0.0,-4.898992163837581e-5,0.09234166465947821,2.6711096975734607,9113.550345838117
11.792442284592877,0.0,-4.8986701799191536e-5,0.09233351042858957,2.670974062681344,9108.88911109409
11.807345958386739,0.0,-4.8983586345624155e-5,0.09232535635716864,2.670838319289768,9104.22596376182
11.822249631588381,0.0,-4.898057484104121e-5,0.0923172024660008,2.6707024672570325,9099.560904189988
11.837153306171867,0.0,-4.897766455916469e-5,0.0923090487746099,2.6705665064234125,9094.893932109484
11.852056982137197,0.0,-4.89748509954046e-5,0.09230089530338298,2.670430436647143,9090.225047869239
11.866960656523279,0.0,-4.897212830265509e-5,0.09229274207377143,2.6702942578135156,9085.55425274688
11.881864330317141,0.0,-4.896948965902717e-5,0.09228458910449432,2.6701579697717808,9080.881546783965
11.896768005492847,0.0,-4.896692757814826e-5,0.09227643641307874,2.6700215723621117,9076.206929712398
11.911671680076333,0.0,-4.8964434167531206e-5,0.09226828401841738,2.66988506546079,9071.53040250269
11.926575356041663,0.0,-4.896200133899176e-5,0.09226013193663088,2.6697484489079395,9066.851964887257
11.94147903338884,0.0,-4.8959620981552926e-5,0.09225198018400554,2.6696117225617337,9062.171617218071
11.956382710143796,0.0,-4.895728509845282e-5,0.0922438287772143,2.6694748862984676,9057.489360467927
11.971286386306533,0.0,-4.895498591422711e-5,0.09223567773106862,2.669337939976338,9052.805194990573
11.986190063851115,0.0,-4.8952715956453725e-5,0.09222752705860708,2.669200883435371,9048.11912051945
12.0,0.0,-4.895063257318653e-5,0.09221997496122505,2.669073786615889,9043.775241340125
